Petya,Goranova,Female,30,Plovdiv,Han Krum Street 24,PetyaGor@yahoo.com,Petya83,Peteto0123,Cardiologist
Dalibor,Iordanov,Male,49,Sofia,Boulevard Nikola Vapcarov 51,Daliborko@gmail.com,DaliBorr,DI1234,Anesthesiologist
Vasil,Gurov,Male,34,Sofia,Boulevard General Totleben 21,Vasko88@gmail.com,VasokaG,123456,Cardiologist
Maria,Kirilova,Female,19,Plovdiv,Boulevard Nikola Vapcarov 9,MimiKi@yahoo.com,MimiKi,14295,Anesthesiologist
Dimitrinka,Ivanova,Female,59,Burgas,Copper Mine District 24,DimitoI@abv.bg,Dimito,di123456,Anesthesiologist
Gog,Genov,Male,33,Sofia,Mladost 1,alkdje@abv.bg,dok,Gog123,UNG
Nikola,Gelemenov,Male,22,Burgas,Zornitsa District 15 ,gelemenoff@mail.bg,gelemnoff,123456,GP
Noa,Andromeda,Male,33,Sofia,Filip Cutev Street 10,NoaAndr@abv.bg,dok,4444,UNG
Cole,Neil,Male,22,Plovdiv,Filip Makedonski Street 37,Cole@yahoo.com,Cole,123456,GP
Sam,Pash,Male,33,Veliko Turnovo,Sergei Rumqncev Street 63,Sam@gmail.com,dok,abcd,Cardiologist
Tom,Skavo,Male,22,Plovdiv,Han Krum Street 24,gelemenoff@abv.bg,Tom,1234,GP
Hodor,Hodorov,Male,33,Sofia,Boulevard Nikola Vapcarov 51,Hodor@mail.bg,dok1,ldsjfj,UNG
Poli,Hubavenska,Female,22,Sofia,Boulevard General Totleben 21,Polito@yahoo.com,Poli20,123456,GP